case,ID,ENTRYTYPE,author,year,title,volume,number,pages,abstract,doi,isbn,url,colrev_status,container_title,author_full
id_0000438;id_0000481,id_0000438,article,castrillo oliver,2016,alzheimer s systems level disease involving interplay multiple cellular networks,1303,,3-48,alzheimers disease ad and many neurodegenerative disorders are multifactorial in nature. they involve a combination of genomic epigenomic interactomic and environmental factors. progress is being made and these complex diseases are beginning to be understood as having their origin in altered states of biological networks at the cellular level. in the case of ad genomic susceptibility and mechanisms leading to or accompanying the impairment of the central amyloid precursor protein app processing and tau networks are widely accepted as major contributors to the diseased state. the derangement of these networks may result in both the gain and loss of functions increased generation of toxic species e.g. toxic soluble oligomers and aggregates and imbalances whose effects can propagate to supracellular levels. although well sustained by empirical data and widely accepted this global perspective often overlooks the essential roles played by the main counteracting homeostatic networks e.g. protein quality control proteostasis unfolded protein response protein folding chaperone networks disaggregases erassociated degradationubiquitin proteasome system endolysosomal network autophagy and other stressprotective and clearance networks whose relevance to ad is just beginning to be fully realized. in this chapter an integrative perspective is presented. alzheimers disease is characterized to be a result of a intrinsic genomicepigenomic susceptibility and b a continued dynamic interplay between the deranged networks and the central homeostatic networks of nerve cells. this interplay of networks will underlie both the onset and rate of progression of the disease in each individual. integrative systems biology approaches are required to effect its elucidation. comprehensive systems biology experiments at different omics levels in simple model organisms engineered to recapitulate the basic features of ad may illuminate the onset and sequence of events underlying ad. indeed studies of models of ad in simple organisms differentiated cells in culture and rodents are beginning to offer hope that the onset and progression of ad if detected at an early stage may be stopped delayed or even reversed by activating or modulating networks involved in proteostasis and the clearance of toxic species. in practice the incorporation of nextgeneration neuroimaging highthroughput and computational approaches are opening the way towards early diagnosis well before irreversible cell death. thus the presence or cooccurrence of a accumulation of toxic a oligomers and tau species b altered splicing and transcriptome patterns c impaired redox proteostatic and metabolic networks together with d compromised homeostatic capacities may constitute relevant ad hallmarks at the cellular level towards reliable and early diagnosis. from here preventive lifestyle changes and tailored therapies may be investigated such as combined strategies aimed at both lowering the production of toxic species and potentiating homeostatic responses in order to prevent or delay the onset and arrest alleviate or even reverse the progression of the disease,101007/978_1_4939_2627_5_1,,https://www.scopus.com/inward/record.uri?eid=2-s2.0-84938651620&doi=10.1007%2f978-1-4939-2627-5_1&partnerID=40&md5=10b7d21d1a00d9f91212c7666ffeaea6https://link.springer.com/protocol/10.1007%2F978-1-4939-2627-5_1,md_processed,meth mol biol,Castrillo J. I.Oliver S. G.
id_0000438;id_0000481,id_0000481,article,castrillo oliver,2015,alzheimer s systems level disease involving interplay multiple cellular networks,,,3-48,alzheimers disease ad and many neurodegenerative disorders are multifactorial in nature. they involve a combination of genomic epigenomic interactomic and environmental factors. progress is being made and these complex diseases are beginning to be understood as having their origin in altered states of biological networks at the cellular level. in the case of ad genomic susceptibility and mechanisms leading to or accompanying the impairment of the central amyloid precursor protein app processing and tau networks are widely accepted as major contributors to the diseased state. the derangement of these networks may result in both the gain and loss of functions increased generation of toxic species e.g. toxic soluble oligomers and aggregates and imbalances whose effects can propagate to supracellular levels. although well sustained by empirical data and widely accepted this global perspective often overlooks the essential roles played by the main counteracting homeostatic networks e.g. protein quality control proteostasis unfolded protein response protein folding chaperone networks disaggregases erassociated degradationubiquitin proteasome system endolysosomal network autophagy and other stressprotective and clearance networks whose relevance to ad is just beginning to be fully realized. in this chapter an integrative perspective is presented. alzheimers disease is characterized to be a result of a intrinsic genomicepigenomic susceptibility and b a continued dynamic interplay between the deranged networks and the central homeostatic networks of nerve cells. this interplay of networks will underlie both the onset and rate of progression of the disease in each individual. integrative systems biology approaches are required to effect its elucidation. comprehensive systems biology experiments at different omics levels in simple model organisms engineered to recapitulate the basic features of ad may illuminate the onset and sequence of events underlying ad. indeed studies of models of ad in simple organisms differentiated cells in culture and rodents are beginning to offer hope that the onset and progression of ad if detected at an early stage may be stopped delayed or even reversed by activating or modulating networks involved in proteostasis and the clearance of toxic species. in practice the incorporation of nextgeneration neuroimaging highthroughput and computational approaches are opening the way towards early diagnosis well before irreversible cell death. thus the presence or cooccurrence of a accumulation of toxic a oligomers and tau species b altered splicing and transcriptome patterns c impaired redox proteostatic and metabolic networks together with d compromised homeostatic capacities may constitute relevant ad hallmarks at the cellular level towards reliable and early diagnosis. from here preventive lifestyle changes and tailored therapies may be investigated such as combined strategies aimed at both lowering the production of toxic species and potentiating homeostatic responses in order to prevent or delay the onset and arrest alleviate or even reverse the progression of the disease,101007/978_1_4939_2627_5_1,,https://www.scopus.com/inward/record.uri?eid=2-s2.0-84958637081&doi=10.1007%2f978-1-4939-2627-5_1&partnerID=40&md5=c80b4c16e18778b81b96ff1a6dc18812https://link.springer.com/protocol/10.1007%2F978-1-4939-2627-5_1,md_processed,,Castrillo J. I.Oliver S. G.
id_0000481;id_0001689,id_0000481,article,castrillo oliver,2015,alzheimer s systems level disease involving interplay multiple cellular networks,,,3-48,alzheimers disease ad and many neurodegenerative disorders are multifactorial in nature. they involve a combination of genomic epigenomic interactomic and environmental factors. progress is being made and these complex diseases are beginning to be understood as having their origin in altered states of biological networks at the cellular level. in the case of ad genomic susceptibility and mechanisms leading to or accompanying the impairment of the central amyloid precursor protein app processing and tau networks are widely accepted as major contributors to the diseased state. the derangement of these networks may result in both the gain and loss of functions increased generation of toxic species e.g. toxic soluble oligomers and aggregates and imbalances whose effects can propagate to supracellular levels. although well sustained by empirical data and widely accepted this global perspective often overlooks the essential roles played by the main counteracting homeostatic networks e.g. protein quality control proteostasis unfolded protein response protein folding chaperone networks disaggregases erassociated degradationubiquitin proteasome system endolysosomal network autophagy and other stressprotective and clearance networks whose relevance to ad is just beginning to be fully realized. in this chapter an integrative perspective is presented. alzheimers disease is characterized to be a result of a intrinsic genomicepigenomic susceptibility and b a continued dynamic interplay between the deranged networks and the central homeostatic networks of nerve cells. this interplay of networks will underlie both the onset and rate of progression of the disease in each individual. integrative systems biology approaches are required to effect its elucidation. comprehensive systems biology experiments at different omics levels in simple model organisms engineered to recapitulate the basic features of ad may illuminate the onset and sequence of events underlying ad. indeed studies of models of ad in simple organisms differentiated cells in culture and rodents are beginning to offer hope that the onset and progression of ad if detected at an early stage may be stopped delayed or even reversed by activating or modulating networks involved in proteostasis and the clearance of toxic species. in practice the incorporation of nextgeneration neuroimaging highthroughput and computational approaches are opening the way towards early diagnosis well before irreversible cell death. thus the presence or cooccurrence of a accumulation of toxic a oligomers and tau species b altered splicing and transcriptome patterns c impaired redox proteostatic and metabolic networks together with d compromised homeostatic capacities may constitute relevant ad hallmarks at the cellular level towards reliable and early diagnosis. from here preventive lifestyle changes and tailored therapies may be investigated such as combined strategies aimed at both lowering the production of toxic species and potentiating homeostatic responses in order to prevent or delay the onset and arrest alleviate or even reverse the progression of the disease,101007/978_1_4939_2627_5_1,,https://www.scopus.com/inward/record.uri?eid=2-s2.0-84958637081&doi=10.1007%2f978-1-4939-2627-5_1&partnerID=40&md5=c80b4c16e18778b81b96ff1a6dc18812https://link.springer.com/protocol/10.1007%2F978-1-4939-2627-5_1,md_processed,,Castrillo J. I.Oliver S. G.
id_0000481;id_0001689,id_0001689,article,castrillo oliver,2016,alzheimer s systems level disease involving interplay multiple cellular networks,1303,,3-48,alzheimers disease ad and many neurodegenerative disorders are multifactorial in nature. they involve a combination of genomic epigenomic interactomic and environmental factors. progress is being made and these complex diseases are beginning to be understood as having their origin in altered states of biological networks at the cellular level. in the case of ad genomic susceptibility and mechanisms leading to or accompanying the impairment of the central amyloid precursor protein app processing and tau networks are widely accepted as major contributors to the diseased state. the derangement of these networks may result in both the gain and loss of functions increased generation of toxic species e.g. toxic soluble oligomers and aggregates and imbalances whose effects can propagate to supra cellular levels. although well sustained by empirical data and widely accepted this global perspective often overlooks the essential roles played by the main counteracting homeostatic networks e.g. protein quality control proteostasis unfolded protein response protein folding chaperone networks disaggregases erassociated degradationubiquitin proteasome system endolysosomal network autophagy and other stressprotective and clearance networks whose relevance to ad is just beginning to be fully realized. in this chapter an integrative perspective is presented. alzheimers disease is characterized to be a result of a intrinsic genomicepigenomic susceptibility and b a continued dynamic interplay between the deranged networks and the central homeostatic networks of nerve cells. this interplay of networks will underlie both the onset and rate of progression of the disease in each individual. integrative systems biology approaches are required to effect its elucidation. comprehensive systems biology experiments at different omics levels in simple model organisms engineered to recapitulate the basic features of ad may illuminate the onset and sequence of events underlying ad. indeed studies of models of ad in simple organisms differentiated cells in culture and rodents are beginning to offer hope that the onset and progression of ad if detected at an early stage may be stopped delayed or even reversed by activating or modulating networks involved in proteostasis and the clearance of toxic species. in practice the incorporation of next generation neuroimaging highthroughput and computational approaches are opening the way towards early diagnosis well before irreversible cell death. thus the presence or cooccurrence of a accumulation of toxic ap oligomers and tau species b altered splicing and transcriptome patterns c impaired redox proteostatic and metabolic networks together with d compromised homeostatic capacities may constitute relevant ad hallmarks at the cellular level towards reliable and early diagnosis. from here preventive lifestyle changes and tailored therapies may be investigated such as combined strategies aimed at both lowering the production of toxic species and potentiating homeostatic responses in order to prevent or delay the onset and arrest alleviate or even reverse the progression of the disease,101007/978_1_4939_2627_5_1,4939-2627,<Go to ISI>://WOS:000370127800002https://link.springer.com/protocol/10.1007%2F978-1-4939-2627-5_1,md_processed,,Castrillo J. I.Oliver S. G.
id_0000504;id_0002263,id_0000504,article,wey wang schroder logan price hooker,2015,kinetic analysis quantification [ lt sup gt 11 lt sup gt c]martinostat vivo hdac imaging brain,6,5,708-715,epigenetic mechanisms mediated by histone deacetylases hdacs have been implicated in a widerange of cns disorders and may offer new therapeutic opportunities. in vivo evaluation of hdac density and drug occupancy has become possible with 11cmartinostat which exhibits selectivity for a subset of class iiib hdac enzymes. in this study we characterize the kinetic properties of 11cmartinostat in the nonhuman primate nhp brain in preparation for human neuroimaging studies. the goal of this work was to determine whether classic compartmental analysis techniques were appropriate and to further determine if arterial plasma is required for future nhp studies. using an arterial plasma input function several analysis approaches were evaluated for robust outcome measurements. 11cmartinostat showed high baseline distribution volume vt ranging from 29.9 to 54.4 mlcm3 in the brain and large changes in occupancy up to 99 with a blocking dose approaching full enzyme saturation. an averaged nondisplaceable tissue uptake vnd of 8.6 3.7 mlcm3 suggests high specific binding of 11cmartinostat. from a twotissue compartment model 11cmartinostat exhibits a high k1 averaged k1 of 0.65 mlcm3min and a small k4 average of 0,101021/acschemneuro5b00066,1948-7193,https://www.scopus.com/inward/record.uri?eid=2-s2.0-84930198523&doi=10.1021%2facschemneuro.5b00066&partnerID=40&md5=9deb003a75970da40ce1ea4a774929f4https://pubs.acs.org/doi/pdfplus/10.1021/acschemneuro.5b00066,md_processed,acs chem neur,Wey H. Y.Wang C.Schroeder F. A.Logan J.Price J. C.Hooker J. M.
id_0000504;id_0002263,id_0002263,article,wey wang schroder logan price hooker,2015,kinetic analysis quantification [ 11 c]martinostat vivo hdac imaging brain,6,5,708-715,epigenetic mechanisms mediated by histone deacetylases hdacs have been implicated in a widerange of cns disorders and may offer new therapeutic opportunities. in vivo evaluation of hdac density and drug occupancy has become possible with 11 cmartinostat which exhibits selectivity for a subset of class iiib hdac enzymes. in this study we characterize the kinetic properties of 11 cmartinostat in the nonhuman primate nhp brain in preparation for human neuroimaging studies. the goal of this work was to determine whether classic compartmental analysis techniques were appropriate and to further determine if arterial plasma is required for future nhp studies. using an arterial plasma input function several analysis approaches were evaluated for robust outcome measurements. 11 cmartinostat showed high baseline distribution volume v t ranging from 29.9 to 54.4 mlcm 3 in the brain and large changes in occupancy up to 99 with a blocking dose approaching full enzyme saturation. an averaged nondisplaceable tissue uptake v nd of 8.6 3.7 mlcm 3 suggests high specific binding of 11 cmartinostat. from a twotissue compartment model 11 cmartinostat exhibits a high k 1 averaged k 1 of 0.65 mlcm 3 min and a small k 4 average of 0.0085 min 1 . our study supports that 11 cmartinostat can be used to detect changes in hdac density and occupancy in vivo and that simplified analysis not using arterial blood could be appropriate,,,http://www.ezproxy.is.ed.ac.uk/login?url=http://ovidsp.ovid.com/ovidweb.cgi?T=JS&CSC=Y&NEWS=N&PAGE=fulltext&D=emexa&AN=604486176http://openurl.ac.uk/athens:_edu//lfp/LinkFinderPlus/Display?sid=OVID:Embase&id=pmid:25768025&id=10.1021%2Facschemneuro.5b00066&issn=1948-7193&isbn=&volume=6&issue=5&spage=708&pages=708-715&date=2015&title=ACS+Chemical+Neuroscience&atitle=Kinetic+Analysis+and+Quantification+of+%5B11C%5DMartinostat+for+in+Vivo+HDAC+Imaging+of+the+Brain&aulast=Wey&pid=<author><p15/></author>&<AN><p16/></AN>,md_processed,acs chem neur,Wey H. Y.Wang C.Schroeder F. A.Logan J.Price J. C.Hooker J. M.
id_0001510;id_0001989,id_0001510,article,smith bender marthi cumming hansen peters nielsen scheelkrager,2001,synthesis evaluation racemic [11c]ns2456 its enantiomers selective serotonin reuptake radiotracers pet,28,3,265-270,,101016/s0969_8051(00)00175_x,9698051,https://www.scopus.com/inward/record.uri?eid=2-s2.0-0035027769&doi=10.1016%2fS0969-8051%2800%2900175-X&partnerID=40&md5=1e44d034bce4879b9f4904ea882c1da2http://www.nucmedbio.com/article/S0969-8051(00)00175-X/pdf,md_processed,nucl med biol,Smith D. F.Bender D.Marthi K.Cumming P.Hansen S. B.Peters D.Ãstergaard Nielsen E.Scheel-KrÃ¼ger J.Gjedde A.
id_0001510;id_0001989,id_0001989,article,smith bender marthi cumming hansen peters nielsen scheelkruger,2001,synthesis evaluation racemic c 11 ns2456 its enantiomers selective serotonin reuptake radiotracers pet,28,3,265-270,positron emission tomography pet radiotracers are needed for quantifying serotonin uptake sites in the living brain. therefore we evaluated a new selective serotonin reuptake inhibitor ns2456 to determine whether it is suited for use in pet. racemic ns2456 1rs5sr8methyl34trifluoromethoxyphenyl8azabicyclo 3.2.1oct2ene and its ndemethylated analog racemic ns2463 selectively inhibited serotonin uptake in rat brain synaptosomes their ic50 values were 3000fold lower for h3serotonin than for either h3dopamine or h3noradrenaline. the enantiomers of ns2463 were also potent inhibitors of serotonin uptake in vitro but they failed to show stereoselectivity. racemic ns2463 as well as its enantiomers were radiolabelled by nmethylation with c11 yielding c11ns2456 for use in pet of the living porcine brain. the compounds crossed the bloodbrain barrier rapidly and accumulated preferentially in regions rich in serotonin uptake sites e.g. brainstem subthalamus and thalamus. however their binding potentials were relatively low and no stereoselectivity was found. thus neither racemic c11ns2456 nor its c11labelled enantiomers are ideal for pet neuroimaging of neuronal serotonin uptake sites,101016/s0969_8051(00)00175_x,0969-8051,<Go to ISI>://WOS:000168264100007http://www.nucmedbio.com/article/S0969-8051(00)00175-X/pdf,md_processed,nucl med biol,Smith D. F.Bender D.Marthi K.Cumming P.Hansen S. B.Peters D.Nielsen E. O.Scheel-Kruger J.Gjedde A.
id_0001525;id_0003422,id_0001525,article,abrams,1997,cognitive behavioral neuroanatomical assessment 2 unrelated male children expressing fraxe,74,1,73-81,standardized cognitive behavioral and neuroanatomical data are presented on 2 unrelated boys with the fraxe fmr2 gcc expansion mutation. in the context of normal iq both boys had a history of developmental delay including significant problems with communication attention and overactivity. additionally one child was diagnosed with autistic disorder. data from these 2 cases are compared to analogous information from previous reports about individuals with the fraxe or fraxa fmr1 mutation. these comparisons support the idea that fraxe is associated with nonspecific developmental delay and possibly highfunctioning autism,101002/(sici)1096_8628(19970221)74:1&lt,0148-7299,https://www.scopus.com/inward/record.uri?eid=2-s2.0-0031031639&doi=10.1002%2f%28SICI%291096-8628%2819970221%2974%3a1%26lt%3b73%3a%3aAID-AJMG16%26gt%3b3.0.CO%3b2-O&partnerID=40&md5=ab8222b21055e3e7184bad84ceec375ahttps://onlinelibrary.wiley.com/doi/pdf/10.1002/%28SICI%291096-8628%2819970221%2974%3A1%3C73%3A%3AAID-AJMG16%3E3.0.CO%3B2-O,md_processed,am j med gene,Abrams M. T.
id_0001525;id_0003422,id_0003422,article,abrams doheny mazzocco knight baumgardner freund davies reiss,1997,cognitive behavioral neuroanatomical assessment 2 unrelated male children expressing fraxe,74,1,73-81,standardized cognitive behavioral and neuroanatomical data are presented on 2 unrelated boys with the fraxe fmr2 gcc expansion mutation. in the context of normal iq both boys had a history of developmental delay including significant problems with communication attention and overactivity. additionally one child was diagnosed with autistic disorder. data from these 2 cases are compared to analogous information from previous reports about individuals with the fraxe or fraxa fmr1 mutation. these comparisons support the idea that fraxe is associated with nonspecific developmental delay and possibly highfunctioning autism,101002/(sici)1096_8628(19970221)74:1<73::aid_ajmg16>30co,0148-7299,http://www.ezproxy.is.ed.ac.uk/login?url=http://ovidsp.ovid.com/ovidweb.cgi?T=JS&CSC=Y&NEWS=N&PAGE=fulltext&D=med4&AN=9034011http://openurl.ac.uk/athens:_edu//lfp/LinkFinderPlus/Display?sid=OVID:Ovid+MEDLINE%28R%29&id=pmid:9034011&id=&issn=0148-7299&isbn=&volume=74&issue=1&spage=73&pages=73-81&date=1997&title=American+Journal+of+Medical+Genetics&atitle=Cognitive%2C+behavioral%2C+and+neuroanatomical+assessment+of+two+unrelated+male+children+expressing+FRAXE.&aulast=Abrams&pid=<author><p15/></author>&<AN><p16/></AN>,md_processed,am j med gene,Abrams M. T.Doheny K. F.Mazzocco M. M.Knight S. J.Baumgardner T. L.Freund L. S.Davies K. E.Reiss A. L.
id_0001684;id_0000209,id_0000209,article,deng lin calhoun wang,2017,diagnosing schizophrenia integrating genomic imaging data through network fusion,,,1307-1313,in order to increase the accuracy for the diagnosis of schizophrenia scz disease it is essential to integratively employ complementary information from multiple types of data. it is well known that a network is a graph based method for analyzing relationships between patients with its nodes and edges representing patients and their relationships respectively. in this study we developed a networkbased prediction approach by taking advantage of fused network from multiple data types rather than individual networks. specifically we constructed a fused network using three types of data including genetic epigenetic and neuroimaging data from the study of schizophrenia. the majority neighborhood of a node in the network was exploited for discriminating scz from healthy controls. in comparison with other 9 graphbased label prediction methods our prediction method shows the best performance according to several metrics. the prediction power of our proposed method was also tested with different parameters and optimal parameters were determined. we show that the label prediction method based on network fusion from multiple data types shows promises for more accurate diagnosis of schizophrenia which can also be extended to other disease models,101109/bibm20167822707,,https://www.scopus.com/inward/record.uri?eid=2-s2.0-85013301412&doi=10.1109%2fBIBM.2016.7822707&partnerID=40&md5=ff36b56c7b20cf6e8223fb7be7558188http://ieeexplore.ieee.org/ielx7/7811899/7822470/07822707.pdf?tp=&arnumber=7822707&isnumber=7822470,md_processed,,Deng S. P.Lin D.Calhoun V. D.Wang Y. P.
id_0001684;id_0000209,id_0001684,article,deng lin calhoun wang,2016,diagnosing schizophrenia integrating genomic imaging data through network fusion,,,1307-1313,in order to increase the accuracy for the diagnosis of schizophrenia scz disease it is essential to integratively employ complementary information from multiple types of data. it is well known that a network is a graph based method for analyzing relationships between patients with its nodes and edges representing patients and their relationships respectively. in this study we developed a networkbased prediction approach by taking advantage of fused network from multiple data types rather than individual networks. specifically we constructed a fused network using three types of data including genetic epigenetic and neuroimaging data from the study of schizophrenia. the majority neighborhood of a node in the network was exploited for discriminating scz from healthy controls. in comparison with other 9 graphbased label prediction methods our prediction method shows the best performance according to several metrics. the prediction power of our proposed method was also tested with different parameters and optimal parameters were determined. we show that the label prediction method based on network fusion from multiple data types shows promises for more accurate diagnosis of schizophrenia which can also be extended to other disease models,,5090-1610,<Go to ISI>://WOS:000393191700222,md_processed,,Deng S. P.Lin D. D.Calhoun V. D.Wang Y. P.
id_0001685;id_0000208,id_0000208,article,deng lin calhoun wang,2017,schizophrenia genes discovery mining minimum spanning trees multi dimensional imaging genomic data integration,,,1493-1500,schizophrenia scz disease ranks among the top 10 causes of disability in developed countries worldwide. its onset is the combination result of genetic biological and environmental factors. it is increasingly important but difficult to determine which genes are potential biomarkers for scz owing to the complex nature of the pathophysiology of this disease. in our study we integrated genomic epigenomic and neuroimaging data to identify genetic biomarkers for schizophrenia. important crosscorrelated features were selected using multiple sparse canonical correlation analysis smcca among single nucleotide polymorphism snp dna methylation and functional magnetic resonance imaging fmri data. the features were then used to construct two state health and case genegene interaction networks for snp or dna methylation data. a networkbased framework was proposed by comparing two different minimum spanning trees msts which were extracted from two fused state gene networks respectively. we selected top 20 genes with significant changes of network features for schizophrenia. these genes were finally validated by disease association enrichment analysis gene ontology go enrichment analysis pathway enrichment analysis and related literature reports. we also demonstrated the effectiveness of our framework through the comparison with other networkbased discovery methods. therefore our proposed networkbased approach can effectively discover biomarkers and resulting genes promising better diagnosis and treatment of schizophrenia disease,101109/bibm20167822743,,https://www.scopus.com/inward/record.uri?eid=2-s2.0-85013249501&doi=10.1109%2fBIBM.2016.7822743&partnerID=40&md5=1a5233fd93f23cf4a9f730efecee4bcdhttp://ieeexplore.ieee.org/ielx7/7811899/7822470/07822743.pdf?tp=&arnumber=7822743&isnumber=7822470,md_processed,,Deng S. P.Lin D.Calhoun V. D.Wang Y. P.
id_0001685;id_0000208,id_0001685,article,deng lin calhoun wang,2016,schizophrenia genes discovery mining minimum spanning trees multi dimensional imaging genomic data integration,,,1493-1500,schizophrenia scz disease ranks among the top 10 causes of disability in developed countries worldwide. its onset is the combination result of genetic biological and environmental factors. it is increasingly important but difficult to determine which genes are potential biomarkers for scz owing to the complex nature of the pathophysiology of this disease. in our study we integrated genomic epigenomic and neuroimaging data to identify genetic biomarkers for schizophrenia. important crosscorrelated features were selected using multiple sparse canonical correlation analysis smcca among single nucleotide polymorphism snp dna methylation and functional magnetic resonance imaging tmri data. the features were then used to construct two state health and case genegene interaction networks for snp or dna methylation data. a networkbased framework was proposed by comparing two different minimum spanning trees msts which were extracted from two fused state gene networks respectively. we selected top 20 genes with significant changes of network features for schizophrenia. these genes were finally validated by disease association enrichment analysis gene ontology go enrichment analysis pathway enrichment analysis and related literature reports. we also demonstrated the effectiveness of our framework through the comparison with other networkbased discovery methods. therefore our proposed networkbased approach can effectively discover biomarkers and resulting genes promising better diagnosis and treatment of schizophrenia disease,,5090-1610,<Go to ISI>://WOS:000393191700258,md_processed,,Deng S. P.Lin D. D.Calhoun V. D.Wang Y. P.
id_0001704;id_0002442,id_0001704,article,park lee kim cho yun han cheong kim,2015,associations between serotonin transporter gene slc6a4 methylation clinical characteristics cortical thickness children adhd,45,14,3009-3017,attention deficit hyperactivity disorder adhd is a common highly heritable psychiatric disorder. additionally environmental factors such as perinatal stress and early adversities contribute to the occurrence and severity of adhd. recently dna methylation has emerged as a mechanism that potentially mediates geneenvironmental interaction effects in the aetiology and phenomenology of psychiatric disorders. here we investigated whether serotonin transporter gene slc6a4 methylation patterns were associated with clinical characteristics and regional cortical thickness in children with adhd. method. in 102 children with adhd age 615 years the methylation status of the slc6a4 promoter was measured. brain magnetic resonance imaging was obtained and adhd symptoms were evaluated. results. a higher methylation status of the slc6a4 promoter was significantly associated with worse clinical presentations more hyperactiveimpulsive symptoms and more commission errors. additionally a negative correlation was observed between slc6a4 methylation levels and cortical thickness values in the right occipitotemproral regions. conclusions. our results suggest that the slc6a4 methylation status may be associated with certain symptoms of adhd such as behavioural disinhibition and related brain changes. future studies that use a larger sample size and a control group are required to corroborate these results,101017/s003329171500094x,0033-2917,<Go to ISI>://WOS:000362977100009https://www.cambridge.org/core/services/aop-cambridge-core/content/view/16FA0CDDCBAA04D19479025AC6001B3C/S003329171500094Xa.pdf/div-class-title-associations-between-serotonin-transporter-gene-span-class-italic-slc6a4-span-methylation-and-clinical-characteristics-and-cortical-thickness-in-children-with-adhd-div.pdf,md_processed,psyc med,Park S.Lee J. M.Kim J. W.Cho D. Y.Yun H. J.Han D. H.Cheong J. H.Kim B. N.
id_0001704;id_0002442,id_0002442,article,park,2015,associations between serotonin transporter gene slc6a4 methylation clinical characteristics cortical thickness children adhd,1,14,7,attentiondeficit hyperactivity disorder adhd is a common highly heritable psychiatric disorder. additionally environmental factors such as perinatal stress and early adversities contribute to the occurrence and severity of adhd. recently dna methylation has emerged as a mechanism that potentially mediates geneenvironmental interaction effects in the etiology and phenomenology of psychiatric disorders. here we investigated whether serotonin transporter gene slc6a4 methylation patterns were associated with clinical characteristics and regional cortical thickness in children with adhd. methods in 102 children with adhd age 615 years the methylation status of the slc6a4 promoter was measured brain magnetic resonance imaging was obtained and adhd symptoms adhdrating scale and neuropsychological characteristics continuous performance test were evaluated. results a higher methylation status of the slc6a4 promoter was significantly associated with worse clinical presentations more hyperactiveimpulsive symptoms and more commission errors. additionally a negative correlation was observed between slc6a4 promoter methylation levels and cortical thickness in a right occipitotemporal regions. conclusions slc6a4 methylation status could be a biological marker for certain symptoms of adhd such as poor impulse control and behavioral disinhibition and related brain changes,101017/s003329171500094x,0033-2917,http://www.ezproxy.is.ed.ac.uk/login?url=http://ovidsp.ovid.com/ovidweb.cgi?T=JS&CSC=Y&NEWS=N&PAGE=fulltext&D=emed17&AN=72018006http://openurl.ac.uk/athens:_edu//lfp/LinkFinderPlus/Display?sid=OVID:Embase&id=pmid:&id=10.1007%2Fs12402-015-0169-y&issn=1866-6116&isbn=&volume=7&issue=SUPPL.+1&spage=S7&pages=S7&date=2015&title=ADHD+Attention+Deficit+and+Hyperactivity+Disorders&atitle=Associations+between+serotonin+transporter+gene+%28SLC6A4%29+methylation+and+clinical+characteristics+and+cortical+thickness+in+children+with+ADHD&aulast=Park&pid=<author><p15/></author>&<AN><p16/></AN>,md_processed,adhd atte defi hype diso,Park S.
id_0001840;id_0000776,id_0000776,article,firat ozay onal oztekin yarmanvural,2013,representation cognitive processes using minimum spanning tree local meshes,2013,,6780-6783,a new graphical model called cognitive process graph cpg is proposed for classifying cognitive processes based on neural activation patterns which are acquired via functional magnetic resonance imaging fmri in brain. in the cpg first local meshes are formed around each voxel. second the relationships between a voxel and its neighbors in a local mesh which are estimated by using a linear regression model are used to form the edges among the voxels graph nodes in the cpg. then a minimum spanning tree mst of the cpg which spans all the voxels in the region of interest is computed. the arc weights of the mst are used to represent the underlying cognitive processes. the proposed method reduces the curse of dimensionality problem that is caused by very large dimension of the feature space of the fmri measurements compared to number of instances. finally the arc weights computed over the path of the mst called mstfeatures mstf are used to train a statistical learning machine.the proposed method is tested on a recognition memory experiment including data pertaining to encoding and retrieval of words belonging to ten different semantic categories. two popular classifiers namely knearest neighbor knn and support vector machine svm are trained in order to predict the semantic category of the item being retrieved based on activation patterns during encoding. the classification performance of the proposed learning modelis superior to the classical multivoxel pattern analysis mvpa methods for the underlying cognitive process,,1557-170x,https://www.scopus.com/inward/record.uri?eid=2-s2.0-84902891099&partnerID=40&md5=52d2c64b37cfce9713c22ea877f106e9,md_processed,conf proc,Firat O.Ozay M.Onal I.Oztekin I.Yarman Vural F. T.
id_0001840;id_0000776,id_0001840,article,firat ozay onal oztekin vural ieee,2013,representation cognitive processes using minimum spanning tree local meshes,,,6780-6783,a new graphical model called cognitive process graph cpg is proposed for classifying cognitive processes based on neural activation patterns which are acquired via functional magnetic resonance imaging fmri in brain. in the cpg first local meshes are formed around each voxel. second the relationships between a voxel and its neighbors in a local mesh which are estimated by using a linear regression model are used to form the edges among the voxels graph nodes in the cpg. then a minimum spanning tree mst of the cpg which spans all the voxels in the region of interest is computed. the arc weights of the mst are used to represent the underlying cognitive processes. the proposed method reduces the curse of dimensionality problem that is caused by very large dimension of the feature space of the fmri measurements compared to number of instances. finally the arc weights computed over the path of the mst called mstfeatures mstf are used to train a statistical learning machine. the proposed method is tested on a recognition memory experiment including data pertaining to encoding and retrieval of words belonging to ten different semantic categories. two popular classifiers namely knearest neighbor knn and support vector machine svm are trained in order to predict the semantic category of the item being retrieved based on activation patterns during encoding. the classification performance of the proposed learning modelis superior to the classical multivoxel pattern analysis mvpa methods for the underlying cognitive process,,4577-0216,<Go to ISI>://WOS:000341702107043,md_processed,,Firat O.Ozay M.Onal I.Oztekin I.Vural F. T. Y.Ieee
id_0001840;id_0000795,id_0000795,article,firat ozay onal oztekin yarmanvural,2013,representation cognitive processes using minimum spanning tree local meshes,,,6780-6783,a new graphical model called cognitive process graph cpg is proposed for classifying cognitive processes based on neural activation patterns which are acquired via functional magnetic resonance imaging fmri in brain. in the cpg first local meshes are formed around each voxel. second the relationships between a voxel and its neighbors in a local mesh which are estimated by using a linear regression model are used to form the edges among the voxels graph nodes in the cpg. then a minimum spanning tree mst of the cpg which spans all the voxels in the region of interest is computed. the arc weights of the mst are used to represent the underlying cognitive processes. the proposed method reduces the curse of dimensionality problem that is caused by very large dimension of the feature space of the fmri measurements compared to number of instances. finally the arc weights computed over the path of the mst called mstfeatures mstf are used to train a statistical learning machine. the proposed method is tested on a recognition memory experiment including data pertaining to encoding and retrieval of words belonging to ten different semantic categories. two popular classifiers namely knearest neighbor knn and support vector machine svm are trained in order to predict the semantic category of the item being retrieved based on activation patterns during encoding. the classification performance of the proposed learning modelis superior to the classical multivoxel pattern analysis mvpa methods for the underlying cognitive process,101109/embc20136611113,,https://www.scopus.com/inward/record.uri?eid=2-s2.0-84886461432&doi=10.1109%2fEMBC.2013.6611113&partnerID=40&md5=f5078611a242a3bbf1fe94570b9ca178http://ieeexplore.ieee.org/ielx7/6596169/6609410/06611113.pdf?tp=&arnumber=6611113&isnumber=6609410,md_processed,,Firat O.Ozay M.Onal I.Oztekin I.Yarman Vural F. T.
id_0001840;id_0000795,id_0001840,article,firat ozay onal oztekin vural ieee,2013,representation cognitive processes using minimum spanning tree local meshes,,,6780-6783,a new graphical model called cognitive process graph cpg is proposed for classifying cognitive processes based on neural activation patterns which are acquired via functional magnetic resonance imaging fmri in brain. in the cpg first local meshes are formed around each voxel. second the relationships between a voxel and its neighbors in a local mesh which are estimated by using a linear regression model are used to form the edges among the voxels graph nodes in the cpg. then a minimum spanning tree mst of the cpg which spans all the voxels in the region of interest is computed. the arc weights of the mst are used to represent the underlying cognitive processes. the proposed method reduces the curse of dimensionality problem that is caused by very large dimension of the feature space of the fmri measurements compared to number of instances. finally the arc weights computed over the path of the mst called mstfeatures mstf are used to train a statistical learning machine. the proposed method is tested on a recognition memory experiment including data pertaining to encoding and retrieval of words belonging to ten different semantic categories. two popular classifiers namely knearest neighbor knn and support vector machine svm are trained in order to predict the semantic category of the item being retrieved based on activation patterns during encoding. the classification performance of the proposed learning modelis superior to the classical multivoxel pattern analysis mvpa methods for the underlying cognitive process,,4577-0216,<Go to ISI>://WOS:000341702107043,md_processed,,Firat O.Ozay M.Onal I.Oztekin I.Vural F. T. Y.Ieee
id_0001840;id_0002654,id_0001840,article,firat ozay onal oztekin vural ieee,2013,representation cognitive processes using minimum spanning tree local meshes,,,6780-6783,a new graphical model called cognitive process graph cpg is proposed for classifying cognitive processes based on neural activation patterns which are acquired via functional magnetic resonance imaging fmri in brain. in the cpg first local meshes are formed around each voxel. second the relationships between a voxel and its neighbors in a local mesh which are estimated by using a linear regression model are used to form the edges among the voxels graph nodes in the cpg. then a minimum spanning tree mst of the cpg which spans all the voxels in the region of interest is computed. the arc weights of the mst are used to represent the underlying cognitive processes. the proposed method reduces the curse of dimensionality problem that is caused by very large dimension of the feature space of the fmri measurements compared to number of instances. finally the arc weights computed over the path of the mst called mstfeatures mstf are used to train a statistical learning machine. the proposed method is tested on a recognition memory experiment including data pertaining to encoding and retrieval of words belonging to ten different semantic categories. two popular classifiers namely knearest neighbor knn and support vector machine svm are trained in order to predict the semantic category of the item being retrieved based on activation patterns during encoding. the classification performance of the proposed learning modelis superior to the classical multivoxel pattern analysis mvpa methods for the underlying cognitive process,,4577-0216,<Go to ISI>://WOS:000341702107043,md_processed,,Firat O.Ozay M.Onal I.Oztekin I.Vural F. T. Y.Ieee
id_0001840;id_0002654,id_0002654,article,firat ozay onal oztekin yarmanvural,2013,representation cognitive processes using minimum spanning tree local meshes,2013,,6780-6783,a new graphical model called cognitive process graph cpg is proposed for classifying cognitive processes based on neural activation patterns which are acquired via functional magnetic resonance imaging fmri in brain. in the cpg first local meshes are formed around each voxel. second the relationships between a voxel and its neighbors in a local mesh which are estimated by using a linear regression model are used to form the edges among the voxels graph nodes in the cpg. then a minimum spanning tree mst of the cpg which spans all the voxels in the region of interest is computed. the arc weights of the mst are used to represent the underlying cognitive processes. the proposed method reduces the curse of dimensionality problem that is caused by very large dimension of the feature space of the fmri measurements compared to number of instances. finally the arc weights computed over the path of the mst called mstfeatures mstf are used to train a statistical learning machine. the proposed method is tested on a recognition memory experiment including data pertaining to encoding and retrieval of words belonging to ten different semantic categories. two popular classifiers namely knearest neighbor knn and support vector machine svm are trained in order to predict the semantic category of the item being retrieved based on activation patterns during encoding. the classification performance of the proposed learning modelis superior to the classical multivoxel pattern analysis mvpa methods for the underlying cognitive process,,1557-170x,http://www.ezproxy.is.ed.ac.uk/login?url=http://ovidsp.ovid.com/ovidweb.cgi?T=JS&CSC=Y&NEWS=N&PAGE=fulltext&D=emed15&AN=563069516http://openurl.ac.uk/athens:_edu//lfp/LinkFinderPlus/Display?sid=OVID:Embase&id=pmid:24111300&id=&issn=1557-170X&isbn=&volume=2013&issue=&spage=6780&pages=6780-6783&date=2013&title=Conference+proceedings+%3A+...+Annual+International+Conference+of+the+IEEE+Engineering+in+Medicine+and+Biology+Society.+IEEE+Engineering+in+Medicine+and+Biology+Society.+Conference&atitle=Representation+of+cognitive+processes+using+the+minimum+spanning+tree+of+local+meshes&aulast=Firat&pid=<author><p15/></author>&<AN><p16/></AN>,md_processed,conf proc,Firat O.Ozay M.Onal I.Oztekin I.Yarman Vural F. T.
id_0001840;id_0003216,id_0001840,article,firat ozay onal oztekin vural ieee,2013,representation cognitive processes using minimum spanning tree local meshes,,,6780-6783,a new graphical model called cognitive process graph cpg is proposed for classifying cognitive processes based on neural activation patterns which are acquired via functional magnetic resonance imaging fmri in brain. in the cpg first local meshes are formed around each voxel. second the relationships between a voxel and its neighbors in a local mesh which are estimated by using a linear regression model are used to form the edges among the voxels graph nodes in the cpg. then a minimum spanning tree mst of the cpg which spans all the voxels in the region of interest is computed. the arc weights of the mst are used to represent the underlying cognitive processes. the proposed method reduces the curse of dimensionality problem that is caused by very large dimension of the feature space of the fmri measurements compared to number of instances. finally the arc weights computed over the path of the mst called mstfeatures mstf are used to train a statistical learning machine. the proposed method is tested on a recognition memory experiment including data pertaining to encoding and retrieval of words belonging to ten different semantic categories. two popular classifiers namely knearest neighbor knn and support vector machine svm are trained in order to predict the semantic category of the item being retrieved based on activation patterns during encoding. the classification performance of the proposed learning modelis superior to the classical multivoxel pattern analysis mvpa methods for the underlying cognitive process,,4577-0216,<Go to ISI>://WOS:000341702107043,md_processed,,Firat O.Ozay M.Onal I.Oztekin I.Vural F. T. Y.Ieee
id_0001840;id_0003216,id_0003216,article,firat ozay onal oztekin yarmanvural,2013,representation cognitive processes using minimum spanning tree local meshes,2013,,6780-6783,a new graphical model called cognitive process graph cpg is proposed for classifying cognitive processes based on neural activation patterns which are acquired via functional magnetic resonance imaging fmri in brain. in the cpg first local meshes are formed around each voxel. second the relationships between a voxel and its neighbors in a local mesh which are estimated by using a linear regression model are used to form the edges among the voxels graph nodes in the cpg. then a minimum spanning tree mst of the cpg which spans all the voxels in the region of interest is computed. the arc weights of the mst are used to represent the underlying cognitive processes. the proposed method reduces the curse of dimensionality problem that is caused by very large dimension of the feature space of the fmri measurements compared to number of instances. finally the arc weights computed over the path of the mst called mstfeatures mstf are used to train a statistical learning machine. the proposed method is tested on a recognition memory experiment including data pertaining to encoding and retrieval of words belonging to ten different semantic categories. two popular classifiers namely knearest neighbor knn and support vector machine svm are trained in order to predict the semantic category of the item being retrieved based on activation patterns during encoding. the classification performance of the proposed learning modelis superior to the classical multivoxel pattern analysis mvpa methods for the underlying cognitive process,101109/embc20136611113,1557-170x,http://www.ezproxy.is.ed.ac.uk/login?url=http://ovidsp.ovid.com/ovidweb.cgi?T=JS&CSC=Y&NEWS=N&PAGE=fulltext&D=med7&AN=24111300http://openurl.ac.uk/athens:_edu//lfp/LinkFinderPlus/Display?sid=OVID:Ovid+MEDLINE%28R%29&id=pmid:24111300&id=10.1109%2FEMBC.2013.6611113&issn=1557-170X&isbn=&volume=2013&issue=&spage=6780&pages=6780-3&date=2013&title=Conference+Proceedings%3A+...+Annual+International+Conference+of+the+IEEE+Engineering+in+Medicine+%26+Biology+Society&atitle=Representation+of+cognitive+processes+using+the+minimum+spanning+tree+of+local+meshes.&aulast=Firat&pid=<author><p15/></author>&<AN><p16/></AN>,md_processed,conf proc,Firat O.Ozay M.Onal I.Oztekin I.Yarman Vural F. T.
id_0001877;id_0000928,id_0000928,article,sui he liu yu adali pearlson calhoun,2012,3 way fmri dti methylation data fusion based mcca jica its application schizophrenia,,,2692-2695,multimodal fusion is an effective approach in biomedical imaging which combines multiple data types in a joint analysis and overcomes the problem that each modality provides a limited view of the brain. in this paper we propose an exploratory fusion model we term mccajica by combining two multivariate approaches multiset canonical correlation analysis mcca and joint independent component analysis jica. this model can freely combine multiple disparate data sets and explore their joint information in an accurate and effective manner so that high decomposition accuracy and valid modal links can be achieved simultaneously. we compared mccajica with its alternatives in simulation and applied it to real fmridtimethylation data fusion to identify brain abnormalities in schizophrenia. the results replicate previous reports and add to our understanding of the neural correlates of schizophrenia and suggest more generally a promising approach to identify potential brain illness biomarkers,101109/embc20126346519,,https://www.scopus.com/inward/record.uri?eid=2-s2.0-84870837608&doi=10.1109%2fEMBC.2012.6346519&partnerID=40&md5=1007b03b7b6aecf661bae51264852e6bhttp://ieeexplore.ieee.org/ielx5/6320834/6345844/06346519.pdf?tp=&arnumber=6346519&isnumber=6345844,md_processed,,Sui J.He H.Liu J.Yu Q.Adali T.Pearlson G. D.Calhoun V. D.
id_0001877;id_0000928,id_0001877,article,sui he liu yu adali pearlson calhoun ieee,2012,3 way fmri dti methylation data fusion based mcca plus jica its application schizophrenia,,,2692-2695,multimodal fusion is an effective approach in biomedical imaging which combines multiple data types in a joint analysis and overcomes the problem that each modality provides a limited view of the brain. in this paper we propose an exploratory fusion model we term mccajica by combining two multivariate approaches multiset canonical correlation analysis mcca and joint independent component analysis jica. this model can freely combine multiple disparate data sets and explore their joint information in an accurate and effective manner so that high decomposition accuracy and valid modal links can be achieved simultaneously. we compared mccajica with its alternatives in simulation and applied it to real fmridtimethylation data fusion to identify brain abnormalities in schizophrenia. the results replicate previous reports and add to our understanding of the neural correlates of schizophrenia and suggest more generally a promising approach to identify potential brain illness biomarkers,,4577-1787,<Go to ISI>://WOS:000313296502227,md_processed,,Sui J.He H.Liu J. Y.Yu Q. B.Adali T.Pearlson G. D.Calhoun V. D.Ieee
id_0001877;id_0000931,id_0000931,article,sui he liu yu adali pearlson calhoun,2012,3 way fmri dti methylation data fusion based mcca jica its application schizophrenia,2012,,2692-2695,multimodal fusion is an effective approach in biomedical imaging which combines multiple data types in a joint analysis and overcomes the problem that each modality provides a limited view of the brain. in this paper we propose an exploratory fusion model we term mccajica by combining two multivariate approaches multiset canonical correlation analysis mcca and joint independent component analysis jica. this model can freely combine multiple disparate data sets and explore their joint information in an accurate and effective manner so that high decomposition accuracy and valid modal links can be achieved simultaneously. we compared mccajica with its alternatives in simulation and applied it to real fmridtimethylation data fusion to identify brain abnormalities in schizophrenia. the results replicate previous reports and add to our understanding of the neural correlates of schizophrenia and suggest more generally a promising approach to identify potential brain illness biomarkers,101109/embc20126346519,1557-170x,https://www.scopus.com/inward/record.uri?eid=2-s2.0-84883038771&partnerID=40&md5=6723a82108237f04159208ef75ed5577,md_processed,conf proc,Sui J.He H.Liu J.Yu Q.Adali T.Pearlson G. D.Calhoun V. D.
id_0001877;id_0000931,id_0001877,article,sui he liu yu adali pearlson calhoun ieee,2012,3 way fmri dti methylation data fusion based mcca plus jica its application schizophrenia,,,2692-2695,multimodal fusion is an effective approach in biomedical imaging which combines multiple data types in a joint analysis and overcomes the problem that each modality provides a limited view of the brain. in this paper we propose an exploratory fusion model we term mccajica by combining two multivariate approaches multiset canonical correlation analysis mcca and joint independent component analysis jica. this model can freely combine multiple disparate data sets and explore their joint information in an accurate and effective manner so that high decomposition accuracy and valid modal links can be achieved simultaneously. we compared mccajica with its alternatives in simulation and applied it to real fmridtimethylation data fusion to identify brain abnormalities in schizophrenia. the results replicate previous reports and add to our understanding of the neural correlates of schizophrenia and suggest more generally a promising approach to identify potential brain illness biomarkers,,4577-1787,<Go to ISI>://WOS:000313296502227,md_processed,,Sui J.He H.Liu J. Y.Yu Q. B.Adali T.Pearlson G. D.Calhoun V. D.Ieee
id_0002263;id_0001725,id_0001725,article,wey wang schroder logan price hooker,2015,kinetic analysis quantification c 11 martinostat vivo hdac imaging brain,6,5,708-715,epigenetic mechanisms mediated by histone deacetylases hdacs have been implicated in a widerange of cns disorders and may offer new therapeutic opportunities. in vivo evaluation of hdac density and drug occupancy has become possible with c11martinostat which exhibits selectivity for a subset of class iiib hdac enzymes. in this study we characterize the kinetic properties of c11martinostat in the nonhuman primate nhp brain in preparation for human neuroimaging studies. the goal of this work was to determine whether classic compartmental analysis techniques were appropriate and to further determine if arterial plasma is required for future nhp studies. using an arterial plasma input function several analysis approaches were evaluated for robust outcome measurements. c11martinostat showed high baseline distribution volume vt ranging from 29.9 to 54.4 mlcm3 in the brain and large changes in occupancy up to 99 with a blocking dose approaching full enzyme saturation. an averaged nondisplaceable tissue uptake vnd of 8.6 3.7 mlcm3 suggests high specific binding of c11martinostat. from a twotissue compartment model c11martinostat exhibits a high k1 averaged k1 of 0.65 mlcm3min and a small k4 average of 0,101021/acschemneuro5b00066,1948-7193,<Go to ISI>://WOS:000355067200003https://pubs.acs.org/doi/pdfplus/10.1021/acschemneuro.5b00066,md_processed,acs chem neur,Wey H. Y.Wang C. N.Schroeder F. A.Logan J.Price J. C.Hooker J. M.
id_0002263;id_0001725,id_0002263,article,wey wang schroder logan price hooker,2015,kinetic analysis quantification [ 11 c]martinostat vivo hdac imaging brain,6,5,708-715,epigenetic mechanisms mediated by histone deacetylases hdacs have been implicated in a widerange of cns disorders and may offer new therapeutic opportunities. in vivo evaluation of hdac density and drug occupancy has become possible with 11 cmartinostat which exhibits selectivity for a subset of class iiib hdac enzymes. in this study we characterize the kinetic properties of 11 cmartinostat in the nonhuman primate nhp brain in preparation for human neuroimaging studies. the goal of this work was to determine whether classic compartmental analysis techniques were appropriate and to further determine if arterial plasma is required for future nhp studies. using an arterial plasma input function several analysis approaches were evaluated for robust outcome measurements. 11 cmartinostat showed high baseline distribution volume v t ranging from 29.9 to 54.4 mlcm 3 in the brain and large changes in occupancy up to 99 with a blocking dose approaching full enzyme saturation. an averaged nondisplaceable tissue uptake v nd of 8.6 3.7 mlcm 3 suggests high specific binding of 11 cmartinostat. from a twotissue compartment model 11 cmartinostat exhibits a high k 1 averaged k 1 of 0.65 mlcm 3 min and a small k 4 average of 0.0085 min 1 . our study supports that 11 cmartinostat can be used to detect changes in hdac density and occupancy in vivo and that simplified analysis not using arterial blood could be appropriate,,,http://www.ezproxy.is.ed.ac.uk/login?url=http://ovidsp.ovid.com/ovidweb.cgi?T=JS&CSC=Y&NEWS=N&PAGE=fulltext&D=emexa&AN=604486176http://openurl.ac.uk/athens:_edu//lfp/LinkFinderPlus/Display?sid=OVID:Embase&id=pmid:25768025&id=10.1021%2Facschemneuro.5b00066&issn=1948-7193&isbn=&volume=6&issue=5&spage=708&pages=708-715&date=2015&title=ACS+Chemical+Neuroscience&atitle=Kinetic+Analysis+and+Quantification+of+%5B11C%5DMartinostat+for+in+Vivo+HDAC+Imaging+of+the+Brain&aulast=Wey&pid=<author><p15/></author>&<AN><p16/></AN>,md_processed,acs chem neur,Wey H. Y.Wang C.Schroeder F. A.Logan J.Price J. C.Hooker J. M.
id_0002422;id_0002442,id_0002422,article,park lee kim cho yun han cheong kim,2015,associations between serotonin transporter gene slc6a4 methylation clinical characteristics cortical thickness children adhd,45,14,3009-3017,attention deficit hyperactivity disorder adhd is a common highly heritable psychiatric disorder. additionally environmental factors such as perinatal stress and early adversities contribute to the occurrence and severity of adhd. recently dna methylation has emerged as a mechanism that potentially mediates geneenvironmental interaction effects in the aetiology and phenomenology of psychiatric disorders. here we investigated whether serotonin transporter gene slc6a4 methylation patterns were associated with clinical characteristics and regional cortical thickness in children with adhd. method in 102 children with adhd age 615 years the methylation status of the slc6a4 promoter was measured. brain magnetic resonance imaging was obtained and adhd symptoms were evaluated. results a higher methylation status of the slc6a4 promoter was significantly associated with worse clinical presentations more hyperactiveimpulsive symptoms and more commission errors. additionally a negative correlation was observed between slc6a4 methylation levels and cortical thickness values in the right occipitotemporal regions. conclusions our results suggest that the slc6a4 methylation status may be associated with certain symptoms of adhd such as behavioural disinhibition and related brain changes. future studies that use a larger sample size and a control group are required to corroborate these results,101017/s003329171500094x,0033-2917,http://www.ezproxy.is.ed.ac.uk/login?url=http://ovidsp.ovid.com/ovidweb.cgi?T=JS&CSC=Y&NEWS=N&PAGE=fulltext&D=emed17&AN=611352451http://openurl.ac.uk/athens:_edu//lfp/LinkFinderPlus/Display?sid=OVID:Embase&id=pmid:26017091&id=10.1017%2FS003329171500094X&issn=1469-8978&isbn=&volume=45&issue=14&spage=3009&pages=3009-3017&date=2015&title=Psychological+medicine&atitle=Associations+between+serotonin+transporter+gene+%28SLC6A4%29+methylation+and+clinical+characteristics+and+cortical+thickness+in+children+with+ADHD&aulast=Park&pid=<author><p15/></author>&<AN><p16/></AN>,md_processed,psyc med,Park S.Lee J. M.Kim J. W.Cho D. Y.Yun H. J.Han D. H.Cheong J. H.Kim B. N.
id_0002422;id_0002442,id_0002442,article,park,2015,associations between serotonin transporter gene slc6a4 methylation clinical characteristics cortical thickness children adhd,1,14,7,attentiondeficit hyperactivity disorder adhd is a common highly heritable psychiatric disorder. additionally environmental factors such as perinatal stress and early adversities contribute to the occurrence and severity of adhd. recently dna methylation has emerged as a mechanism that potentially mediates geneenvironmental interaction effects in the etiology and phenomenology of psychiatric disorders. here we investigated whether serotonin transporter gene slc6a4 methylation patterns were associated with clinical characteristics and regional cortical thickness in children with adhd. methods in 102 children with adhd age 615 years the methylation status of the slc6a4 promoter was measured brain magnetic resonance imaging was obtained and adhd symptoms adhdrating scale and neuropsychological characteristics continuous performance test were evaluated. results a higher methylation status of the slc6a4 promoter was significantly associated with worse clinical presentations more hyperactiveimpulsive symptoms and more commission errors. additionally a negative correlation was observed between slc6a4 promoter methylation levels and cortical thickness in a right occipitotemporal regions. conclusions slc6a4 methylation status could be a biological marker for certain symptoms of adhd such as poor impulse control and behavioral disinhibition and related brain changes,101017/s003329171500094x,0033-2917,http://www.ezproxy.is.ed.ac.uk/login?url=http://ovidsp.ovid.com/ovidweb.cgi?T=JS&CSC=Y&NEWS=N&PAGE=fulltext&D=emed17&AN=72018006http://openurl.ac.uk/athens:_edu//lfp/LinkFinderPlus/Display?sid=OVID:Embase&id=pmid:&id=10.1007%2Fs12402-015-0169-y&issn=1866-6116&isbn=&volume=7&issue=SUPPL.+1&spage=S7&pages=S7&date=2015&title=ADHD+Attention+Deficit+and+Hyperactivity+Disorders&atitle=Associations+between+serotonin+transporter+gene+%28SLC6A4%29+methylation+and+clinical+characteristics+and+cortical+thickness+in+children+with+ADHD&aulast=Park&pid=<author><p15/></author>&<AN><p16/></AN>,md_processed,adhd atte defi hype diso,Park S.
id_0002442;id_0000537,id_0000537,article,park lee kim cho yun han cheong kim,2015,associations between serotonin transporter gene slc6a4 methylation clinical characteristics cortical thickness children adhd,45,14,3009-3017,attention deficit hyperactivity disorder adhd is a common highly heritable psychiatric disorder. additionally environmental factors such as perinatal stress and early adversities contribute to the occurrence and severity of adhd. recently dna methylation has emerged as a mechanism that potentially mediates geneenvironmental interaction effects in the aetiology and phenomenology of psychiatric disorders. here we investigated whether serotonin transporter gene slc6a4 methylation patterns were associated with clinical characteristics and regional cortical thickness in children with adhd. method in 102 children with adhd age 615 years the methylation status of the slc6a4 promoter was measured. brain magnetic resonance imaging was obtained and adhd symptoms were evaluated. results a higher methylation status of the slc6a4 promoter was significantly associated with worse clinical presentations more hyperactiveimpulsive symptoms and more commission errors. additionally a negative correlation was observed between slc6a4 methylation levels and cortical thickness values in the right occipitotemporal regions. conclusions our results suggest that the slc6a4 methylation status may be associated with certain symptoms of adhd such as behavioural disinhibition and related brain changes. future studies that use a larger sample size and a control group are required to corroborate these results,101017/s003329171500094x,1469-8978,https://www.scopus.com/inward/record.uri?eid=2-s2.0-84948064393&doi=10.1017%2fS003329171500094X&partnerID=40&md5=754f0026c625c60cee8ec742c84a3a63,md_processed,psyc med,Park S.Lee J. M.Kim J. W.Cho D. Y.Yun H. J.Han D. H.Cheong J. H.Kim B. N.
id_0002442;id_0000537,id_0002442,article,park,2015,associations between serotonin transporter gene slc6a4 methylation clinical characteristics cortical thickness children adhd,1,14,7,attentiondeficit hyperactivity disorder adhd is a common highly heritable psychiatric disorder. additionally environmental factors such as perinatal stress and early adversities contribute to the occurrence and severity of adhd. recently dna methylation has emerged as a mechanism that potentially mediates geneenvironmental interaction effects in the etiology and phenomenology of psychiatric disorders. here we investigated whether serotonin transporter gene slc6a4 methylation patterns were associated with clinical characteristics and regional cortical thickness in children with adhd. methods in 102 children with adhd age 615 years the methylation status of the slc6a4 promoter was measured brain magnetic resonance imaging was obtained and adhd symptoms adhdrating scale and neuropsychological characteristics continuous performance test were evaluated. results a higher methylation status of the slc6a4 promoter was significantly associated with worse clinical presentations more hyperactiveimpulsive symptoms and more commission errors. additionally a negative correlation was observed between slc6a4 promoter methylation levels and cortical thickness in a right occipitotemporal regions. conclusions slc6a4 methylation status could be a biological marker for certain symptoms of adhd such as poor impulse control and behavioral disinhibition and related brain changes,101017/s003329171500094x,0033-2917,http://www.ezproxy.is.ed.ac.uk/login?url=http://ovidsp.ovid.com/ovidweb.cgi?T=JS&CSC=Y&NEWS=N&PAGE=fulltext&D=emed17&AN=72018006http://openurl.ac.uk/athens:_edu//lfp/LinkFinderPlus/Display?sid=OVID:Embase&id=pmid:&id=10.1007%2Fs12402-015-0169-y&issn=1866-6116&isbn=&volume=7&issue=SUPPL.+1&spage=S7&pages=S7&date=2015&title=ADHD+Attention+Deficit+and+Hyperactivity+Disorders&atitle=Associations+between+serotonin+transporter+gene+%28SLC6A4%29+methylation+and+clinical+characteristics+and+cortical+thickness+in+children+with+ADHD&aulast=Park&pid=<author><p15/></author>&<AN><p16/></AN>,md_processed,adhd atte defi hype diso,Park S.
id_0002442;id_0003153,id_0002442,article,park,2015,associations between serotonin transporter gene slc6a4 methylation clinical characteristics cortical thickness children adhd,1,14,7,attentiondeficit hyperactivity disorder adhd is a common highly heritable psychiatric disorder. additionally environmental factors such as perinatal stress and early adversities contribute to the occurrence and severity of adhd. recently dna methylation has emerged as a mechanism that potentially mediates geneenvironmental interaction effects in the etiology and phenomenology of psychiatric disorders. here we investigated whether serotonin transporter gene slc6a4 methylation patterns were associated with clinical characteristics and regional cortical thickness in children with adhd. methods in 102 children with adhd age 615 years the methylation status of the slc6a4 promoter was measured brain magnetic resonance imaging was obtained and adhd symptoms adhdrating scale and neuropsychological characteristics continuous performance test were evaluated. results a higher methylation status of the slc6a4 promoter was significantly associated with worse clinical presentations more hyperactiveimpulsive symptoms and more commission errors. additionally a negative correlation was observed between slc6a4 promoter methylation levels and cortical thickness in a right occipitotemporal regions. conclusions slc6a4 methylation status could be a biological marker for certain symptoms of adhd such as poor impulse control and behavioral disinhibition and related brain changes,101017/s003329171500094x,0033-2917,http://www.ezproxy.is.ed.ac.uk/login?url=http://ovidsp.ovid.com/ovidweb.cgi?T=JS&CSC=Y&NEWS=N&PAGE=fulltext&D=emed17&AN=72018006http://openurl.ac.uk/athens:_edu//lfp/LinkFinderPlus/Display?sid=OVID:Embase&id=pmid:&id=10.1007%2Fs12402-015-0169-y&issn=1866-6116&isbn=&volume=7&issue=SUPPL.+1&spage=S7&pages=S7&date=2015&title=ADHD+Attention+Deficit+and+Hyperactivity+Disorders&atitle=Associations+between+serotonin+transporter+gene+%28SLC6A4%29+methylation+and+clinical+characteristics+and+cortical+thickness+in+children+with+ADHD&aulast=Park&pid=<author><p15/></author>&<AN><p16/></AN>,md_processed,adhd atte defi hype diso,Park S.
id_0002442;id_0003153,id_0003153,article,park lee kim cho yun han cheong kim,2015,associations between serotonin transporter gene slc6a4 methylation clinical characteristics cortical thickness children adhd,45,14,3009-3017,attention deficit hyperactivity disorder adhd is a common highly heritable psychiatric disorder. additionally environmental factors such as perinatal stress and early adversities contribute to the occurrence and severity of adhd. recently dna methylation has emerged as a mechanism that potentially mediates geneenvironmental interaction effects in the aetiology and phenomenology of psychiatric disorders. here we investigated whether serotonin transporter gene slc6a4 methylation patterns were associated with clinical characteristics and regional cortical thickness in children with adhd.method in 102 children with adhd age 615 years the methylation status of the slc6a4 promoter was measured. brain magnetic resonance imaging was obtained and adhd symptoms were evaluated.results a higher methylation status of the slc6a4 promoter was significantly associated with worse clinical presentations more hyperactiveimpulsive symptoms and more commission errors. additionally a negative correlation was observed between slc6a4 methylation levels and cortical thickness values in the right occipitotemporal regions.conclusions our results suggest that the slc6a4 methylation status may be associated with certain symptoms of adhd such as behavioural disinhibition and related brain changes. future studies that use a larger sample size and a control group are required to corroborate these results,101017/s003329171500094x,1469-8978,http://www.ezproxy.is.ed.ac.uk/login?url=http://ovidsp.ovid.com/ovidweb.cgi?T=JS&CSC=Y&NEWS=N&PAGE=fulltext&D=med8&AN=26017091http://openurl.ac.uk/athens:_edu//lfp/LinkFinderPlus/Display?sid=OVID:Ovid+MEDLINE%28R%29&id=pmid:26017091&id=10.1017%2FS003329171500094X&issn=0033-2917&isbn=&volume=45&issue=14&spage=3009&pages=3009-17&date=2015&title=Psychological+Medicine&atitle=Associations+between+serotonin+transporter+gene+%28SLC6A4%29+methylation+and+clinical+characteristics+and+cortical+thickness+in+children+with+ADHD.&aulast=Park&pid=<author><p15/></author>&<AN><p16/></AN>,md_processed,psyc med,Park S.Lee J. M.Kim J. W.Cho D. Y.Yun H. J.Han D. H.Cheong J. H.Kim B. N.
